,coef,odds_ratio,ci_low,ci_high,p_value
recency_days,0.719296883208332,2.052989211865507,1.6921477871782222,2.4907781317757,3.022952369691257e-13
frequency_365d,-1.3319833445939158,0.26395323159093576,0.13837107803694754,0.5035106284905484,5.293326238961908e-05
log_order_trend,-1.1162551807843732,0.3275039441463546,0.25001614809283446,0.4290076231059758,5.326886017190298e-16
log_avg_order_value,1.2318887395752374,3.427697454094228,1.419987870166016,8.27409169025537,0.00614691347168375
avg_skus_per_order,0.04096494682174065,1.0418155859579716,0.517781909741867,2.0962101895101983,0.9085746801580818
avg_discount_pct,0.26495533359836215,1.3033727575071075,1.0700531024839668,1.5875665806381183,0.008469575477136011
late_delivery_rate,0.2538330550828991,1.2889566015518117,1.0663462540807247,1.5580390650092004,0.008689509773893468
stockout_rate,0.0559685387318581,1.0575644108957025,0.872111349950018,1.282453763796646,0.5693937884604547
return_rate,0.10922493097701268,1.1154132131107841,0.9434549218416028,1.3187133875496426,0.20104035597841663
complaints_180d,0.1295887243733121,1.1383601072694447,0.8201163543237877,1.580097417873081,0.43857675312192224
tenure_months,-0.34233718525883006,0.7101087261425031,0.548469975876691,0.9193837860271438,0.009382910927317653
has_merchandiser,-0.41344338637429867,0.6613689758162266,0.5315867659258812,0.8228363650294336,0.00020762874968327652
channel_HoReCa,-0.31440539462591055,0.7302229396916755,0.5143593714562784,1.036678966579843,0.07866434177617437
channel_Petrol Station,-0.031131938970295484,0.9693476699050796,0.7774059607557647,1.2086798308530198,0.7821473254817952
channel_Supermarket,-0.504691921984277,0.6036915308701171,0.28192398283275943,1.292701177042102,0.19390527751385866
channel_Wholesaler,-0.7596276639327088,0.4678405885094381,0.20213993969275187,1.0827885700843787,0.07603163374263866
region_Coast,0.13705667255879603,1.146893144047788,0.8976354807910379,1.4653652980658263,0.272982964257513
region_Nairobi,0.08956553760735496,1.0936990093798273,0.8243724711087624,1.4510158514992426,0.5346239545354217
region_Nyanza,-0.07129956887331047,0.9311828969292608,0.7138918290160693,1.214612007436287,0.5989571681028891
region_Rift Valley,0.09729147540183199,1.1021815856265995,0.8450804876263461,1.4375012386175139,0.47281229559923
region_Western,0.1292651782285382,1.1379918548219157,0.8857440521164889,1.462076384872758,0.31200468662806946
