,0
channel_Wholesaler,-0.000543815575587477
avg_discount_pct,-0.0003625437170583057
channel_Petrol Station,-0.00031328505984930347
complaints_180d,-0.0002679670952170143
region_Nairobi,-0.0002384119008915775
region_Rift Valley,-0.00021476774543126206
channel_Supermarket,-4.728831092066787e-05
return_rate,-2.2204460492503132e-17
region_Western,3.940692576690867e-06
region_Coast,0.0002285601694497652
channel_HoReCa,0.00024038224717988962
region_Nyanza,0.0003251071375793983
tenure_months,0.0004590906851878943
has_merchandiser,0.0005044086498201612
frequency_365d,0.0009181813703757886
avg_skus_per_order,0.0028767055810058413
log_avg_order_value,0.003215605142603765
stockout_rate,0.005018471996453363
late_delivery_rate,0.014470223141717132
recency_days,0.0680931973794394
log_order_trend,0.07312546179991128
